CustomerID,Age,Gender,Income,SpendingScore,SatisfactionRating
1,28,Female,48754,100.0,5.0
2,38,Male,47750,59.833417040622635,5.0
3,37,Female,59467,65.8556451259361,5.0
4,36,Male,46047,100.0,5.0
5,35,Female,78391,86.39814410524751,5.0
6,54,Male,70659,97.59295054597482,5.0
7,36,Female,62450,73.7030091964807,5.0
8,40,Female,59875,77.96728304541895,5.0
9,39,Female,46663,100.0,5.0
10,34,Female,35014,80.10318246528401,5.0
11,40,Female,67490,100.0,5.0
12,40,Male,75493,91.5199960086906,5.0
13,40,Female,52651,61.83996843162162,3.8
14,31,Male,34433,87.61695575307954,5.0
15,37,Male,53748,100.0,5.0
16,47,Male,57628,87.00692382373771,5.0
17,38,Male,51496,85.34454203158344,5.0
18,41,Female,67103,48.376012220570004,4.7
19,41,Female,60495,49.62967037180568,4.2
20,44,Female,55704,51.904288207457675,5.0
21,45,Female,70885,74.37965586466898,5.0
22,38,Male,64668,70.22424252613104,5.0
23,30,Male,46629,55.491771978119544,3.8
24,27,Male,48379,100.0,5.0
25,50,Female,75205,53.48486845558915,5.0
26,47,Female,71261,45.52576915865981,2.7
27,46,Female,66406,78.76471507771898,5.0
28,48,Female,82325,95.47810239986457,5.0
29,38,Male,63826,100.0,5.0
30,33,Female,48493,92.72625109006354,5.0
31,30,Female,45553,100.0,5.0
32,29,Male,43419,59.087916965468764,4.5
33,52,Male,78321,100.0,5.0
34,35,Female,48772,47.70891098889023,3.5
35,50,Female,65751,71.4983149222464,4.5
36,38,Male,68580,95.64205039157551,5.0
37,33,Female,54916,48.64985968608113,5.0
38,29,Male,60985,70.00824816149333,5.0
39,34,Male,61980,67.47954941420733,4.6
40,54,Female,62233,73.01887985500531,5.0
41,29,Male,47978,100.0,5.0
42,61,Female,90899,74.38145132575622,3.8
43,31,Female,38778,73.29982111531965,5.0
44,47,Female,71197,18.813512656435968,4.6
45,38,Female,57607,96.09580409677159,5.0
46,36,Male,38452,99.72290817956359,5.0
47,27,Female,48196,57.31920464379577,4.8
48,39,Female,50625,81.69180280554957,5.0
49,28,Male,36323,89.86016380664094,5.0
50,23,Female,43091,100.0,5.0
51,41,Female,41691,62.92008083509052,4.8
52,33,Female,46257,63.67994277830405,3.8
53,56,Female,101511,73.02115403063277,5.0
54,50,Male,76502,96.86364105554767,5.0
55,56,Male,67185,92.8769088434534,5.0
56,33,Female,67041,79.72104395655172,5.0
57,41,Male,51079,100.0,3.9
58,18,Male,32463,43.62617586295683,5.0
59,37,Male,45511,97.33308412187051,5.0
60,40,Male,62560,57.62467674372307,5.0
61,41,Female,74686,100.0,4.9
62,39,Male,49009,59.21510576133552,4.3
63,40,Female,39395,60.97500669532711,5.0
64,18,Female,48909,99.80302460262357,5.0
65,42,Male,77538,92.17908269562074,5.0
66,44,Female,44049,66.8709084246563,5.0
67,53,Male,77600,88.68808068846062,5.0
68,43,Female,65265,88.40759630656974,4.6
69,38,Female,50125,93.87479312116068,5.0
70,51,Male,57056,63.55610164883208,5.0
71,18,Female,47917,100.0,5.0
72,34,Male,55790,100.0,5.0
73,32,Female,54544,56.763030415623476,5.0
74,39,Female,52782,61.05969928916388,4.8
75,18,Male,29980,91.54511264721158,4.9
76,53,Male,48450,49.95301918663934,2.9
77,37,Male,54719,42.69597531545479,3.7
78,43,Female,77388,100.0,5.0
79,42,Male,53097,37.07908467947501,3.5
80,52,Male,56775,68.7910960495133,5.0
81,21,Male,45356,100.0,5.0
82,41,Male,67200,84.83399579004144,5.0
83,51,Female,65140,66.75501268042095,5.0
84,39,Female,55512,58.55120846930082,5.0
85,30,Female,52639,97.14125626295873,5.0
86,33,Female,51444,68.87651123066254,5.0
87,36,Female,66001,87.31865172636525,5.0
88,32,Female,76372,82.99975296469512,5.0
89,38,Male,40908,88.11145818110272,5.0
90,55,Female,87297,55.32877481641169,5.0
91,34,Male,55052,100.0,5.0
92,35,Male,68882,93.1082326774075,5.0
93,44,Male,71243,68.86367151560705,4.1
94,38,Male,58611,92.14651146123609,5.0
95,26,Female,53600,71.5107671215138,5.0
96,39,Female,55058,78.27971003044186,5.0
97,39,Female,51256,100.0,5.0
98,49,Male,77108,56.29698387115383,4.2
99,30,Female,41556,85.52234599471167,5.0
100,49,Female,75423,66.37790300500468,5.0
101,39,Female,59307,65.6380211435044,5.0
102,28,Female,24705,96.89219980439613,5.0
103,26,Female,40256,91.75504353308418,5.0
104,59,Female,82348,92.83794617999855,5.0
105,38,Male,53939,97.21155840660009,5.0
106,49,Male,43532,95.6907543808399,5.0
107,22,Female,55207,70.63593254298013,5.0
108,66,Male,87693,79.81921598406191,5.0
109,48,Male,72437,85.6835801258019,5.0
110,37,Female,52267,66.30544003586287,5.0
111,36,Male,61314,72.5619751554552,5.0
112,47,Female,85348,51.64515807042064,4.6
113,46,Male,58649,96.25735264760569,5.0
114,41,Female,77670,100.0,5.0
115,40,Male,63985,100.0,5.0
116,45,Male,56305,75.73927984371309,4.8
117,22,Male,64123,94.82324173127593,5.0
118,36,Male,59916,100.0,5.0
119,23,Female,49764,75.91036942890618,5.0
120,46,Male,63306,58.88069717364601,4.2
121,33,Female,45036,71.2940959784767,4.4
122,24,Female,45678,83.29799063589557,5.0
123,32,Male,67814,73.37031288707693,4.5
124,41,Male,57903,63.00829580077553,5.0
125,37,Female,56732,100.0,5.0
126,28,Male,62563,87.20121737011415,5.0
127,22,Female,38996,95.13396747318872,5.0
128,40,Male,65102,65.7305642376285,5.0
129,34,Female,62773,70.67269141635319,4.3
130,37,Male,55032,84.45951779080795,5.0
131,38,Male,61098,86.57614656006811,5.0
132,44,Female,70611,100.0,5.0
133,48,Female,63990,100.0,5.0
134,41,Female,69157,69.1296059144719,5.0
135,36,Male,50530,100.0,5.0
136,40,Male,53249,61.066326646136744,4.9
137,36,Male,40729,100.0,5.0
138,23,Male,37965,70.87566893723341,4.7
139,50,Female,61844,94.99701139513519,5.0
140,49,Female,64991,53.75519322510669,4.5
141,59,Male,85119,75.97008227706402,5.0
142,62,Male,64743,100.0,5.0
143,28,Male,28253,69.64591696027854,5.0
144,36,Female,48509,100.0,5.0
145,65,Female,89612,71.87508805781908,5.0
146,39,Male,61888,100.0,5.0
147,42,Female,54349,84.34144147007207,5.0
148,24,Male,55694,97.14080131192733,5.0
149,41,Male,54415,53.69847565713791,3.3
150,59,Female,83624,61.042944140439076,4.9
151,52,Female,68372,94.50092924967407,5.0
152,33,Female,44312,76.61357596460006,5.0
153,36,Female,49949,84.77664165435627,5.0
154,28,Male,55340,60.58555743261697,4.9
155,31,Female,54610,76.47896117998512,3.9
156,20,Female,49681,100.0,5.0
157,39,Female,62609,51.716961361461195,3.9
158,55,Female,58888,86.84158073992327,5.0
159,43,Male,84144,77.84836277169971,4.4
160,53,Male,76751,64.94334027953644,5.0
161,50,Female,75146,69.40150915355986,4.7
162,34,Female,50231,73.17940603844025,2.8
163,32,Male,63131,72.80403055886075,5.0
164,32,Male,41068,100.0,5.0
165,22,Female,48098,85.16892371510451,5.0
166,40,Male,39203,100.0,5.0
167,18,Male,44772,99.22925006086425,5.0
168,45,Male,54204,65.97476141943454,5.0
169,40,Male,62769,96.32886904971228,5.0
170,44,Female,77573,90.47791886153153,5.0
171,50,Male,78227,49.73917119544682,4.3
172,41,Male,73243,62.472722859649245,4.2
173,56,Female,87208,69.69159397595175,5.0
174,46,Female,60757,51.40354131159605,4.3
175,32,Female,57983,100.0,5.0
176,37,Male,39750,99.93214364078682,5.0
177,18,Female,31130,92.28984305927077,5.0
178,30,Male,63926,74.94956892773473,5.0
179,36,Female,52149,72.61417691282003,5.0
180,45,Male,46319,38.21935684058181,2.7
181,32,Female,72136,56.55612696708741,3.8
182,27,Female,52622,100.0,5.0
183,21,Male,48644,100.0,5.0
184,34,Female,44195,69.2746949015192,4.9
185,59,Female,81840,84.56798312364914,5.0
186,42,Female,64575,95.58591549994061,5.0
187,49,Female,60785,84.94650913297684,5.0
188,30,Female,48301,54.08139470998589,5.0
189,24,Male,28995,54.735941549396806,5.0
190,27,Male,43532,100.0,5.0
191,39,Female,68738,40.9140339392634,5.0
192,20,Female,32531,87.03612917234969,4.3
193,29,Male,68072,81.54955347564426,4.9
194,34,Male,39639,75.77893076647183,5.0
195,26,Female,43398,91.11911644581313,4.9
196,18,Male,31435,75.87640140443098,4.7
197,42,Female,60198,83.90480924930095,5.0
198,40,Female,73714,90.19450829382389,5.0
199,47,Female,57155,100.0,5.0
200,28,Female,43487,60.466162163637414,5.0
201,47,Male,73545,84.43987967809653,5.0
202,55,Male,75931,81.12690199755527,4.4
203,42,Male,63751,70.68439888935407,5.0
204,33,Female,43347,58.925847842243236,5.0
205,41,Male,60284,100.0,5.0
206,33,Female,64315,87.02293660288105,5.0
207,31,Female,34904,57.41686574146812,3.4
208,46,Male,59026,82.8220592511652,5.0
209,38,Female,39844,100.0,5.0
210,52,Female,77369,81.0105813316816,5.0
211,35,Female,67254,79.09304661058876,5.0
212,36,Male,54165,100.0,5.0
213,34,Female,43944,61.395120364974936,4.6
214,28,Male,38237,100.0,5.0
215,48,Female,65029,95.45822140736473,5.0
216,61,Male,77991,58.8147207203997,4.8
217,36,Female,65118,75.14642000311768,5.0
218,33,Male,46311,73.00374332635421,5.0
219,32,Male,56350,52.9637157202582,5.0
220,33,Female,49945,91.20668498141761,5.0
221,56,Female,68552,54.42105993504293,3.3
222,32,Female,48696,89.93102642862611,5.0
223,34,Female,57365,60.049384993495664,5.0
224,27,Male,56149,100.0,5.0
225,42,Female,59480,93.75251860261005,5.0
226,39,Male,46960,64.0344197187957,5.0
227,28,Female,57997,90.29313315764232,5.0
228,31,Male,42018,90.3602111861916,5.0
229,55,Male,77608,100.0,5.0
230,40,Male,59751,62.337970642102555,5.0
231,41,Female,59414,73.48334043011707,5.0
232,41,Female,56130,63.87982726584454,5.0
233,53,Male,79201,74.39636394200336,5.0
234,29,Male,13179,96.16547205567187,5.0
235,36,Male,67364,65.59565243852582,5.0
236,38,Male,48874,73.71787557221575,5.0
237,22,Male,46079,100.0,5.0
238,30,Female,53550,100.0,5.0
239,50,Male,82749,84.87032070405758,5.0
240,47,Female,68977,77.18958802513683,5.0
241,49,Female,60708,73.87346157925701,2.9
242,34,Female,37952,93.9625265745458,5.0
243,35,Male,51511,89.63089002809744,5.0
244,22,Male,22418,56.02048324217394,2.1
245,49,Male,62715,90.08345464615806,5.0
246,50,Male,67073,64.49590421154876,5.0
247,50,Female,63100,52.971271830486955,5.0
248,56,Female,76417,34.81225223782548,4.3
249,44,Female,61638,79.8417125763336,5.0
250,55,Male,71723,48.58336275634795,5.0
251,37,Male,32758,34.97276880521605,4.8
252,22,Male,29052,81.83088986326379,5.0
253,48,Male,74426,69.90988330228268,5.0
254,21,Male,49042,91.40617770683241,5.0
255,41,Male,42612,66.92204091915247,5.0
256,49,Female,60852,100.0,5.0
257,43,Female,73719,85.16079589367281,5.0
258,62,Male,74819,62.74868352757045,4.8
259,20,Female,38885,86.78321325105276,5.0
260,39,Female,73418,100.0,5.0
261,40,Female,56384,100.0,5.0
262,26,Female,40952,63.17096371249935,5.0
263,28,Male,46429,68.8356387834674,4.6
264,31,Female,69534,75.81646251953319,5.0
265,29,Male,53462,79.37910098128383,5.0
266,38,Male,58190,66.18203594247916,5.0
267,33,Female,47756,86.56798509722155,5.0
268,43,Male,68388,89.79502622037776,5.0
269,46,Female,72596,98.68300578764972,5.0
270,45,Male,54268,73.67745314201417,4.7
271,35,Male,61866,55.99272962491208,5.0
272,42,Female,60488,64.24060116256517,5.0
273,50,Female,70247,64.6045042073994,5.0
274,44,Male,55157,58.615010814972855,5.0
275,58,Female,74000,90.11717973403228,5.0
276,49,Male,58698,54.844078828385435,4.5
277,57,Female,66217,80.53041089470406,5.0
278,18,Male,41770,55.27389289954924,5.0
279,40,Male,56448,95.96642202592108,5.0
280,36,Male,43003,83.5149258666483,5.0
281,38,Male,79770,100.0,5.0
282,31,Male,39753,61.8687478690734,5.0
283,43,Female,73921,74.6098039877681,5.0
284,21,Male,26235,80.7795979717912,5.0
285,44,Female,68565,71.52174859699376,5.0
286,32,Female,49494,74.60568338195019,5.0
287,34,Male,47709,74.08097868182026,5.0
288,44,Male,65967,67.84039913228675,5.0
289,40,Female,60622,44.63860234839067,3.9
290,50,Male,61875,91.77294003215536,5.0
291,30,Male,41422,100.0,5.0
292,39,Female,43260,90.79142209201976,5.0
293,48,Female,71055,53.28498304283413,4.2
294,43,Female,50461,62.85532738303426,5.0
295,44,Female,64039,90.26348003783136,5.0
296,51,Female,76924,82.20938951696486,5.0
297,35,Female,57080,79.66819778893323,5.0
298,33,Male,45768,96.27968741758372,5.0
299,45,Female,74088,43.631099064910174,3.4
300,38,Female,53920,100.0,5.0
301,51,Male,57658,82.13812329189787,5.0
302,43,Male,60162,58.58104018433535,5.0
303,33,Male,58867,57.776871432386315,5.0
304,43,Male,56255,83.73929565491254,5.0
305,30,Male,58781,100.0,5.0
306,49,Male,61296,77.06773536005932,5.0
307,26,Female,39657,73.9119996753432,3.6
308,52,Male,61539,83.97966520272504,5.0
309,43,Male,69837,100.0,5.0
310,38,Male,57467,92.49934626127433,5.0
311,47,Male,57202,93.00823976418816,5.0
312,45,Female,61037,98.90412271941112,5.0
313,53,Male,42288,80.83674798767645,5.0
314,53,Male,80779,65.95850585679692,5.0
315,43,Female,61292,49.73790096203928,5.0
316,31,Female,26937,68.76063760443476,3.9
317,34,Female,39433,60.90547389804651,4.7
318,39,Male,54784,96.42536239022654,5.0
319,50,Female,56858,96.65276102698216,5.0
320,35,Female,62933,82.86479123430976,5.0
321,36,Female,60185,62.644660463136546,4.9
322,58,Male,81595,100.0,5.0
323,38,Male,31956,71.07799572320822,4.6
324,33,Female,47745,93.18237020603074,5.0
325,47,Male,60023,83.4887967339912,5.0
326,39,Male,49459,84.67326966499829,5.0
327,26,Male,41848,100.0,5.0
328,50,Male,58737,61.07959676798096,5.0
329,32,Male,54152,100.0,5.0
330,40,Female,67665,45.02664165825455,5.0
331,39,Female,65803,59.72887387928231,4.2
332,42,Female,60620,100.0,5.0
333,18,Female,57992,99.90049522208942,5.0
334,36,Male,67399,100.0,5.0
335,51,Female,69984,79.3662088730626,5.0
336,52,Female,67177,100.0,5.0
337,30,Male,63380,44.68142434673194,4.9
338,49,Male,79075,43.2759505360561,4.8
339,32,Male,37895,100.0,5.0
340,36,Male,66858,47.1926434877103,2.5
341,36,Female,54456,75.3298478598102,5.0
342,41,Male,52390,100.0,5.0
343,50,Male,50207,85.02342528977337,5.0
344,42,Male,59310,82.1874044063916,5.0
345,38,Male,57877,77.8055506234137,5.0
346,49,Male,84873,83.78816749183929,5.0
347,31,Male,60572,99.0735674475106,5.0
348,39,Female,53171,64.62356326027634,5.0
349,49,Female,72893,82.93472056024095,5.0
350,45,Female,73262,95.40551488397422,5.0
351,35,Male,55859,78.05043733400284,5.0
352,24,Male,38128,93.17525700281303,5.0
353,43,Female,57678,93.94337668005555,5.0
354,24,Female,47854,100.0,5.0
355,37,Female,61129,100.0,5.0
356,51,Female,68070,54.212500880361006,5.0
357,45,Male,38808,68.86194995229378,4.1
358,19,Female,26094,81.96712615900692,5.0
359,42,Male,68196,64.33155669674646,5.0
360,36,Male,34691,44.29717157284371,4.6
361,27,Male,58841,27.294521174045837,3.2
362,43,Female,73361,100.0,5.0
363,35,Female,55410,54.19263991104914,4.3
364,35,Female,60979,100.0,5.0
365,41,Male,66287,100.0,5.0
366,33,Male,51831,75.38623240387494,5.0
367,40,Female,46261,92.32844209629468,5.0
368,34,Male,63672,88.31906493427444,5.0
369,34,Female,68072,57.560912741204525,5.0
370,49,Male,56914,78.04614452740738,5.0
371,50,Male,55887,58.19757454917016,5.0
372,22,Male,40632,100.0,5.0
373,47,Male,60737,59.15873096401224,5.0
374,53,Male,74449,79.01230927606656,5.0
375,55,Male,87079,74.05797161978501,4.4
376,45,Male,42543,79.93158001078764,5.0
377,29,Female,64812,100.0,5.0
378,46,Male,61933,78.37408834288163,5.0
379,31,Male,56117,100.0,5.0
380,36,Female,62187,91.59993988670075,5.0
381,43,Female,70353,100.0,5.0
382,31,Female,51619,80.31223430370362,5.0
383,28,Female,50955,99.92272483939136,5.0
384,44,Male,66890,73.47013954799318,5.0
385,58,Male,71697,14.79698957673573,4.5
386,52,Female,54419,54.92407829959049,5.0
387,47,Male,54808,85.40713891905504,5.0
388,49,Female,67957,85.82529832559997,5.0
389,46,Male,58131,51.10045222730153,4.0
390,44,Male,56155,85.21510097676007,5.0
391,48,Male,85992,90.3648045305101,5.0
392,26,Male,54588,83.57728860524787,5.0
393,41,Male,58479,97.00032275319273,5.0
394,39,Female,65720,92.35110615857538,5.0
395,40,Male,55797,76.50727841190584,3.2
396,35,Male,56107,77.89420362271763,4.6
397,45,Male,69416,94.88003184185018,5.0
398,31,Male,46823,98.44554195757642,5.0
399,34,Male,47147,53.01399694939404,5.0
400,33,Female,65239,91.17990312162775,5.0
401,48,Male,74141,60.39360581084532,4.0
402,39,Female,36453,61.208641351416496,3.9
403,35,Male,48318,67.04589929228726,3.5
404,36,Male,48187,85.30681471319404,5.0
405,40,Female,53788,87.4897115518257,5.0
406,56,Male,84624,68.05236221517457,4.4
407,27,Male,47192,81.5559476741253,5.0
408,46,Female,52103,72.14542689396639,5.0
409,44,Male,60167,100.0,5.0
410,31,Female,56417,30.26197992800693,2.2
411,54,Female,71803,70.41660180650433,5.0
412,45,Female,58553,100.0,5.0
413,34,Male,57312,96.21020100554775,5.0
414,21,Male,57181,100.0,5.0
415,42,Female,66614,38.31502280978154,4.1
416,39,Male,72009,62.855915370617545,4.2
417,29,Female,43223,95.78096281372936,5.0
418,29,Male,48916,100.0,5.0
419,48,Female,67714,49.78957566310544,3.1
420,20,Male,41186,82.24476434586956,5.0
421,43,Female,67405,86.52928283733989,5.0
422,38,Male,48810,54.39053205824605,4.3
423,44,Female,70473,84.91017519161966,5.0
424,37,Male,40721,25.950257019275266,2.9
425,42,Female,48642,86.41268928929709,5.0
426,32,Male,73356,60.430500642243146,5.0
427,39,Male,53898,74.24295618967173,4.5
428,44,Female,71295,91.03767895873935,5.0
429,41,Male,77982,88.44504310984502,5.0
430,43,Male,39855,82.32587591296591,5.0
431,30,Male,61262,100.0,5.0
432,34,Male,60489,45.97202974762352,5.0
433,34,Female,70403,83.56813743002827,4.5
434,37,Male,45184,70.21499738283035,5.0
435,53,Male,87512,91.86062937359972,5.0
436,36,Female,48605,100.0,5.0
437,28,Male,58547,100.0,5.0
438,45,Female,64639,100.0,5.0
439,53,Male,80707,100.0,5.0
440,27,Female,47488,85.72597332453178,5.0
441,59,Male,60605,73.50489293025005,4.6
442,44,Female,32794,88.37906761423453,5.0
443,50,Female,72099,74.11854349495658,4.5
444,54,Female,71362,94.23966643819436,5.0
445,49,Male,72982,34.54269150453943,2.4
446,38,Female,55478,100.0,5.0
447,52,Male,92180,70.61157167112643,5.0
448,42,Female,64305,52.9811933821488,4.1
449,50,Female,65530,63.27713296832957,4.7
450,51,Female,74373,31.913458976615544,3.0
451,29,Male,44713,61.45964839628498,5.0
452,47,Male,67929,80.44793142720428,5.0
453,38,Female,45825,100.0,5.0
454,41,Female,60914,90.75919170839602,5.0
455,41,Female,56221,84.15721223929151,5.0
456,40,Female,48772,54.859309575685764,4.5
457,55,Female,94757,60.748143886929775,4.3
458,26,Female,35162,72.0614461325561,5.0
459,22,Female,42069,76.98087775627789,5.0
460,20,Female,31971,86.16636247502791,5.0
461,50,Male,72970,76.77677876567039,4.9
462,32,Female,39256,79.18123252746304,4.7
463,41,Male,69403,69.54366539463035,5.0
464,38,Female,78361,87.61911331624452,5.0
465,31,Male,42604,80.3419043326645,5.0
466,48,Male,80169,48.09710507555545,5.0
467,38,Female,54181,78.9785864451587,5.0
468,37,Male,72057,82.76757004436847,5.0
469,42,Male,83884,51.601650948896484,4.8
470,47,Female,64662,64.67397106606924,4.4
471,30,Female,34797,95.20160122022718,5.0
472,48,Female,77480,53.27100122678591,4.8
473,54,Male,76244,51.96861860543013,5.0
474,25,Female,50017,86.00402756016523,5.0
475,42,Male,58601,88.52859539623928,5.0
476,36,Female,47155,100.0,5.0
477,46,Female,77603,97.93900709707367,5.0
478,27,Male,50197,100.0,5.0
479,56,Male,61564,85.09035257003328,5.0
480,23,Male,49868,72.3042804071454,4.6
481,37,Female,61861,94.53422153193824,5.0
482,44,Female,60747,76.28783902143758,5.0
483,33,Female,69198,91.04067675656026,5.0
484,31,Male,44818,63.338503472980776,5.0
485,42,Male,60310,94.35991601679612,5.0
486,40,Male,67686,80.97413606468207,5.0
487,40,Male,60767,90.70185494368168,4.9
488,48,Female,54155,79.71403650349735,5.0
489,36,Male,57837,76.45593769316635,5.0
490,43,Male,58856,94.07941559236816,5.0
491,34,Female,62569,78.00662742216873,5.0
492,31,Female,52512,50.100637392448206,3.5
493,37,Male,57945,41.12334848635109,4.0
494,35,Male,44517,90.64003138853955,5.0
495,35,Male,52699,78.82554370542289,5.0
496,51,Male,80701,47.98811645135899,3.9
497,37,Male,49234,81.16899934107562,5.0
498,33,Male,52674,86.8899089005328,5.0
499,40,Female,50635,67.47597813554535,5.0
500,41,Female,49161,89.35228636361705,4.7
501,28,Female,47151,100.0,5.0
502,37,Female,58738,100.0,5.0
503,36,Male,75938,92.4690928621717,4.5
504,38,Male,53445,81.97804134274294,5.0
505,47,Male,66498,86.30450415223362,5.0
506,41,Male,48499,88.10508865548697,5.0
507,52,Female,78122,68.63403645883889,5.0
508,39,Male,62980,87.13986119906205,5.0
509,57,Male,91883,49.21570857916405,5.0
510,35,Male,66116,87.4327776669353,5.0
511,32,Male,55514,90.7605719004921,5.0
512,45,Female,60299,64.68821115987188,5.0
513,53,Male,75046,71.59054711427802,2.9
514,26,Female,44889,62.52544238597753,4.3
515,38,Male,67533,62.747028340813735,3.9
516,33,Male,61262,93.84250155918382,5.0
517,41,Male,58035,70.71223968524768,5.0
518,40,Female,45380,49.00148676847951,4.8
519,53,Male,86333,55.58108401731116,4.5
520,38,Male,63818,61.672418124158625,4.9
521,53,Male,69805,85.50135995463482,5.0
522,36,Female,61428,82.51088022736936,5.0
523,49,Female,69748,61.555356036854,5.0
524,42,Male,75186,63.485381900576805,4.1
525,57,Female,57702,97.74168832214451,5.0
526,25,Male,41028,100.0,5.0
527,28,Male,63990,70.03779144036343,5.0
528,58,Female,83631,98.45206719252653,5.0
529,32,Male,69726,85.8737238310038,5.0
530,33,Male,40781,100.0,5.0
531,31,Female,61721,81.23384089996986,5.0
532,51,Female,81122,100.0,5.0
533,27,Female,30182,66.32578776920403,4.4
534,40,Female,57044,74.89099137236968,5.0
535,37,Male,55934,100.0,5.0
536,50,Male,53804,29.83803703605474,3.0
537,34,Male,51253,82.0787719175107,5.0
538,44,Male,72731,73.76562360253625,5.0
539,28,Male,44090,100.0,5.0
540,62,Male,84421,94.61931870821944,5.0
541,37,Male,59493,96.1056763861393,5.0
542,40,Male,59878,84.82000506794492,5.0
543,56,Female,68948,79.70609096190721,5.0
544,34,Male,60588,76.14578757040204,5.0
545,56,Male,60129,79.20590243049263,5.0
546,35,Male,55085,100.0,5.0
547,46,Male,79854,64.38245403444917,4.8
548,34,Male,49526,77.43467049751852,5.0
549,26,Female,38726,83.55350054866385,5.0
550,44,Female,71255,98.01865358391336,5.0
551,46,Female,67634,88.22944679104411,5.0
552,26,Male,53454,100.0,5.0
553,36,Male,56384,100.0,5.0
554,52,Male,48117,90.6524365163996,5.0
555,46,Male,77799,55.72012766868893,4.4
556,36,Female,76700,100.0,5.0
557,34,Female,66840,100.0,5.0
558,59,Male,43611,76.13190101004673,4.2
559,25,Male,49510,57.38909515032891,3.8
560,39,Female,54332,54.72323684251286,5.0
561,25,Female,34157,90.8784625310742,5.0
562,53,Female,74227,63.176341157384286,5.0
563,39,Female,57510,43.28071733279243,4.1
564,41,Female,66086,47.91268601273997,5.0
565,67,Female,87565,57.10034853339983,4.2
566,34,Female,42791,86.89859147621956,5.0
567,57,Male,71233,100.0,5.0
568,36,Male,48620,89.25341548693685,5.0
569,37,Female,39835,71.88015939057172,5.0
570,66,Male,72283,81.82729115345599,5.0
571,38,Female,55889,89.60580171177315,4.9
572,26,Male,60237,100.0,5.0
573,42,Female,56644,81.03335772832271,5.0
574,38,Male,50425,100.0,5.0
575,43,Female,51187,92.42968600454971,5.0
576,38,Male,58305,88.48450007277141,5.0
577,62,Male,93792,66.61551287468191,5.0
578,45,Female,85026,100.0,5.0
579,29,Female,51853,76.41581363785923,5.0
580,41,Female,62399,52.48769341713213,4.4
581,32,Male,46565,56.082290166320085,5.0
582,37,Male,53234,68.23421049820982,5.0
583,30,Male,56291,100.0,5.0
584,61,Male,77851,68.82912290780273,5.0
585,33,Female,51377,85.02147005622452,5.0
586,46,Female,65746,67.09407858237861,5.0
587,36,Male,50091,74.75740268032068,5.0
588,28,Female,47250,65.49072650977692,4.9
589,41,Female,40805,77.66208749168624,5.0
590,44,Female,69488,81.44552528442087,5.0
591,45,Female,88517,85.75330046363644,5.0
592,18,Male,32479,96.75395214023435,5.0
593,27,Female,50738,85.09395238083175,5.0
594,49,Female,77515,49.25397309879649,4.8
595,30,Female,62802,100.0,5.0
596,42,Male,59356,80.26691321923953,5.0
597,27,Female,28966,86.64455379787793,5.0
598,47,Male,69672,100.0,5.0
599,49,Male,70286,90.150142531919,5.0
600,47,Female,63543,82.25183397633461,5.0
601,50,Female,68664,74.95388425258349,4.1
602,55,Male,76436,72.26708902331694,5.0
603,28,Male,51617,95.96398995443724,5.0
604,32,Male,55198,94.89803451713264,4.8
605,48,Male,65823,100.0,5.0
606,51,Female,74842,100.0,5.0
607,33,Male,50149,94.32011610807099,5.0
608,32,Female,58420,38.01347855912734,4.0
609,33,Female,46725,64.4651105341656,3.7
610,23,Male,43730,100.0,5.0
611,27,Female,30762,100.0,5.0
612,27,Male,43300,95.02092974489992,5.0
613,37,Male,62674,84.43064177190477,5.0
614,42,Male,51662,57.802658815480314,3.7
615,44,Female,60798,100.0,5.0
616,34,Female,29949,69.53069497051823,5.0
617,35,Male,41319,99.15218633076557,5.0
618,41,Female,49935,58.479464604917126,4.6
619,25,Female,46017,80.89217630343447,5.0
620,49,Female,72334,98.97584260905928,5.0
621,52,Female,71439,76.15001655066412,5.0
622,33,Female,49174,81.04840249267944,5.0
623,36,Male,52208,82.21272536697363,5.0
624,52,Female,79160,51.23794215130144,3.2
625,38,Female,60128,47.5106618590797,5.0
626,45,Male,61660,88.70172965387857,5.0
627,39,Female,71932,75.652401487644,5.0
628,55,Female,94499,86.62969521162913,5.0
629,44,Female,51542,97.78656034301416,5.0
630,45,Male,70225,97.96160217990926,5.0
631,45,Female,95898,49.87473430847322,5.0
632,34,Female,56802,66.20331423492203,5.0
633,35,Male,56154,90.44400614087611,5.0
634,47,Male,66442,87.56003343807303,5.0
635,41,Female,65901,100.0,5.0
636,28,Male,55548,67.84772933533837,5.0
637,58,Male,65552,100.0,5.0
638,49,Male,68735,86.3822422007708,5.0
639,40,Female,37305,50.9257826667306,4.1
640,37,Female,54906,67.7983952654681,3.4
641,41,Male,51973,87.34921024646651,5.0
642,45,Male,68391,43.41266583407469,3.9
643,19,Male,22436,47.90007990056707,4.3
644,61,Male,75876,38.06894842726713,4.4
645,32,Female,61665,86.09942310168677,5.0
646,39,Male,52236,76.03025482533121,5.0
647,40,Female,40950,71.69588605372763,5.0
648,59,Male,81575,58.78756329668544,5.0
649,39,Female,53134,52.017551766841244,5.0
650,55,Female,73141,59.714886343197854,5.0
651,44,Male,56701,38.75698903856328,3.4
652,30,Female,69743,100.0,5.0
653,41,Female,45419,100.0,5.0
654,38,Female,86334,30.162025732216566,2.1
655,29,Male,45093,80.62670681351823,5.0
656,43,Female,64834,73.66147138730403,5.0
657,40,Female,54252,76.5103098676595,4.1
658,45,Male,58833,100.0,5.0
659,41,Male,53151,75.49088435612138,5.0
660,33,Female,59012,81.73497074537426,5.0
661,47,Female,52892,100.0,5.0
662,33,Male,56641,78.44209184789386,5.0
663,18,Male,16155,100.0,5.0
664,41,Female,63735,92.72650314777667,5.0
665,34,Female,62491,71.925820138483,5.0
666,43,Male,50254,61.57262025649138,5.0
667,59,Male,85787,78.93324810000587,4.9
668,60,Female,80513,51.496187505068846,5.0
669,38,Female,73984,60.023480672086,4.4
670,31,Male,42447,76.03878797948441,5.0
671,45,Female,93159,78.70892083854459,5.0
672,36,Female,32092,100.0,5.0
673,43,Female,59704,68.80091146403474,4.8
674,33,Female,36014,90.92966092756225,4.8
675,42,Male,80510,42.41654306835896,4.1
676,31,Male,48382,100.0,5.0
677,51,Female,69283,40.06634850146088,3.0
678,34,Female,58432,100.0,5.0
679,46,Female,65951,72.08395093436393,5.0
680,27,Female,41062,84.08694114520421,5.0
681,47,Male,54433,67.77305564162339,5.0
682,30,Female,51685,58.97494751215804,5.0
683,42,Female,65788,57.32398980262394,4.1
684,50,Male,76953,95.57805312077964,5.0
685,38,Male,77127,88.95143560362776,5.0
686,29,Female,27262,79.34886529637475,4.9
687,44,Male,63322,83.70185901272113,5.0
688,31,Male,62917,83.38035566442504,5.0
689,35,Female,53754,72.01676900120239,5.0
690,42,Female,38618,100.0,5.0
691,53,Male,60089,88.31512757006215,5.0
692,40,Female,63285,88.86987146719112,5.0
693,40,Male,62921,66.5817239557212,5.0
694,47,Male,73725,95.55519378388381,5.0
695,40,Male,52189,61.63919260547808,4.2
696,46,Female,68598,66.42430518061474,5.0
697,50,Female,60541,100.0,5.0
698,36,Male,58599,88.47340352141418,5.0
699,18,Male,38532,73.80641626569776,5.0
700,31,Female,42791,86.75326396079355,5.0
701,52,Male,87581,95.38278107696752,5.0
702,39,Male,41943,92.92508907910386,5.0
703,36,Female,54583,100.0,5.0
704,51,Female,62570,46.38038194521039,4.4
705,38,Female,76342,99.9829832334969,5.0
706,19,Female,44983,84.66967447897707,4.7
707,24,Male,37506,89.78201533407753,5.0
708,44,Female,61202,100.0,5.0
709,39,Female,77612,94.55451346542579,5.0
710,54,Male,64537,83.24789961909357,5.0
711,32,Male,34355,47.755566337060905,4.2
712,36,Male,58910,81.08996289239427,5.0
713,31,Female,54136,74.22009224858999,5.0
714,34,Male,60660,97.22090608794726,5.0
715,21,Female,47726,100.0,5.0
716,36,Male,73707,72.27402954434474,5.0
717,39,Female,41818,65.06827048422625,4.6
718,38,Male,45971,100.0,5.0
719,61,Female,87622,53.05594865972611,5.0
720,58,Female,66943,43.76209985927496,4.5
721,32,Male,37434,71.08997693962111,5.0
722,19,Male,57658,85.1658122377158,5.0
723,39,Female,42800,63.27273894100904,3.8
724,43,Male,59487,98.38217766556146,5.0
725,31,Female,50406,45.58233108851978,4.1
726,31,Female,64091,66.84879177108942,5.0
727,55,Female,56311,68.73450109090274,5.0
728,37,Male,61154,85.70492440004585,5.0
729,46,Female,57096,100.0,5.0
730,30,Female,56276,100.0,5.0
731,39,Female,49931,53.47835688110915,4.8
732,36,Female,71723,51.011341188608405,5.0
733,33,Male,43990,88.39842524741998,5.0
734,51,Male,46380,58.717295270738234,4.8
735,26,Female,38111,66.97057316033629,5.0
736,43,Male,60386,81.84171794921309,5.0
737,36,Male,66823,83.2727963666887,5.0
738,44,Female,51415,66.36213120711645,5.0
739,36,Male,43613,73.87960509925011,5.0
740,48,Male,77605,56.878919452247004,3.4
741,30,Male,36247,80.3948751755744,4.3
742,51,Male,69210,88.78938198779474,5.0
743,39,Male,57413,64.68318277696827,5.0
744,26,Male,48175,71.77755013004798,5.0
745,46,Female,58501,66.08930713828997,4.8
746,38,Male,48730,83.30145189689719,5.0
747,22,Female,45348,94.51968985824945,5.0
748,43,Female,54040,100.0,5.0
749,50,Female,56400,83.62251435216781,5.0
750,52,Male,84277,94.34632694078333,5.0
751,36,Male,60880,76.66773973440925,4.0
752,41,Female,78675,55.96893408605135,5.0
753,40,Female,67839,69.43571970300435,5.0
754,54,Female,61318,64.92515019570217,3.9
755,31,Male,51963,97.54091351109132,5.0
756,35,Male,44843,47.23222152752534,4.4
757,31,Male,34483,98.07482439174488,5.0
758,25,Female,40528,85.1552082112795,3.4
759,42,Male,71815,93.66696465378077,5.0
760,56,Male,78749,57.52183621691453,5.0
761,38,Female,44091,65.17715570315508,4.7
762,31,Male,46176,76.36662561923113,5.0
763,41,Female,59571,67.90846494492348,5.0
764,45,Male,48108,93.6269682214986,5.0
765,38,Female,65131,100.0,4.9
766,54,Male,71712,100.0,5.0
767,31,Female,37094,76.44485710964207,5.0
768,37,Male,42528,18.80178807024813,2.1
769,42,Female,73006,70.81154853938364,5.0
770,43,Female,59191,80.15360850416715,4.5
771,40,Male,71903,97.88576382104338,5.0
772,27,Male,62721,92.57208542567439,5.0
773,63,Female,93224,63.23564933820602,4.9
774,37,Male,51665,100.0,5.0
775,41,Female,36021,60.626333988755476,4.9
776,46,Female,69129,78.42000302876323,5.0
777,33,Male,73915,58.20605318278385,4.9
778,40,Male,59646,86.35613524180344,5.0
779,33,Male,33101,100.0,5.0
780,44,Female,57251,78.04403152202374,5.0
781,37,Female,55162,78.80400295813041,5.0
782,42,Male,51020,50.18275983245482,4.7
783,29,Female,23360,80.92815628418003,4.4
784,31,Female,50021,100.0,5.0
785,26,Male,38151,85.81037668685852,5.0
786,32,Female,69726,84.61679572175377,5.0
787,18,Female,39010,100.0,5.0
788,36,Female,60695,75.7287177405887,5.0
789,34,Male,52809,100.0,5.0
790,41,Male,61937,50.7103580922451,4.3
791,40,Female,43477,97.90477949682061,5.0
792,52,Male,61598,100.0,5.0
793,65,Female,95886,82.86283794909826,5.0
794,51,Male,73094,37.1545289672945,2.3
795,35,Female,51014,67.18323517138232,4.4
796,35,Female,59861,74.66791950684434,5.0
797,48,Female,73058,99.85200993414162,5.0
798,23,Female,62908,65.01303767577129,4.6
799,36,Male,57630,67.38426659214704,5.0
800,37,Female,46374,54.034371396400154,5.0
801,45,Female,63843,67.36829499824371,5.0
802,46,Male,72075,59.17536686055374,2.5
803,32,Male,61956,100.0,5.0
804,35,Female,38849,67.61000458704068,4.7
805,44,Female,66537,88.49165584260017,5.0
806,32,Male,43027,82.2080401443774,5.0
807,52,Female,66333,77.39587561849174,5.0
808,46,Female,74458,68.8940236092112,5.0
809,41,Female,68462,94.90044974261416,5.0
810,43,Female,56218,84.39778465284682,5.0
811,35,Female,53421,89.77697825878094,5.0
812,33,Female,47639,74.01353779644154,5.0
813,35,Female,83917,78.1003314769396,4.2
814,44,Female,66783,89.7782223515085,5.0
815,42,Female,53605,86.28136223091002,5.0
816,35,Male,68221,81.55839629017079,5.0
817,47,Male,80574,61.41915016664905,4.2
818,38,Male,75916,100.0,5.0
819,33,Female,73879,81.29376520884354,5.0
820,42,Female,69077,85.3026467654916,5.0
821,29,Female,45501,84.03437742250557,4.4
822,23,Male,40973,100.0,5.0
823,39,Male,56079,71.87975774584825,5.0
824,33,Female,48962,73.40506118048694,5.0
825,37,Male,69399,90.80612296233338,5.0
826,30,Male,50007,68.6288322107563,3.7
827,52,Female,81714,72.14629433803027,5.0
828,33,Female,59765,100.0,5.0
829,35,Male,44013,88.49391111102183,5.0
830,43,Female,45828,86.05631843453162,5.0
831,26,Male,33633,70.96025214181576,5.0
832,25,Male,40732,100.0,5.0
833,43,Male,64343,100.0,5.0
834,35,Female,48516,99.55360751654021,5.0
835,30,Male,57030,100.0,5.0
836,46,Male,60723,75.34084297122367,5.0
837,31,Female,53569,92.32675161689245,5.0
838,37,Female,58175,61.88809790274985,5.0
839,31,Male,68344,68.81212048442521,5.0
840,43,Female,53247,54.07750166548514,5.0
841,53,Female,95084,86.46767946549596,5.0
842,21,Male,35056,65.43811055358624,4.0
843,41,Female,47599,69.50729193775034,5.0
844,48,Male,65830,71.48391249596045,5.0
845,35,Female,87401,100.0,5.0
846,28,Female,56952,80.1307966675816,5.0
847,44,Male,70029,100.0,5.0
848,50,Male,77951,100.0,5.0
849,48,Female,60304,51.55863344658051,3.4
850,43,Female,66260,97.64350987770551,5.0
851,40,Female,60025,71.32712755716928,5.0
852,31,Male,69090,77.97547752548164,5.0
853,48,Female,66913,77.1042344917335,5.0
854,48,Male,64217,79.1407354648265,5.0
855,28,Female,36352,75.8815079912473,5.0
856,43,Female,64400,64.92616679277505,4.2
857,46,Female,68929,65.42133812610653,4.8
858,48,Female,55984,81.57805619408032,5.0
859,39,Female,63531,74.1141789636591,5.0
860,31,Male,53331,100.0,5.0
861,34,Male,64134,80.84055794406525,5.0
862,29,Male,61123,87.04027991967517,5.0
863,39,Female,59942,92.35624469668575,5.0
864,37,Male,46636,100.0,5.0
865,61,Male,72693,100.0,5.0
866,48,Female,85621,100.0,5.0
867,49,Female,70654,99.97438339482615,5.0
868,44,Male,81461,100.0,5.0
869,36,Male,60986,87.70717532487144,5.0
870,37,Male,64537,91.23776630644143,5.0
871,38,Male,67387,100.0,5.0
872,41,Male,48768,27.41902299801049,3.1
873,43,Male,66069,70.91862022711364,4.2
874,40,Male,47630,100.0,5.0
875,37,Female,54150,98.39775905443368,5.0
876,34,Male,60401,100.0,5.0
877,26,Female,35746,89.14971436662837,5.0
878,52,Female,77593,61.50399795223609,4.8
879,62,Female,67016,65.7091050665161,5.0
880,51,Male,82433,80.86136325722495,5.0
881,27,Male,40355,100.0,5.0
882,47,Female,56728,100.0,5.0
883,50,Male,55646,79.44430656332658,5.0
884,35,Male,49206,90.02046973355584,5.0
885,44,Female,44923,68.01411841594272,2.4
886,35,Male,49516,77.3072890478891,5.0
887,55,Female,85994,97.72484426874345,5.0
888,43,Female,61112,100.0,5.0
889,30,Female,38224,74.87672639060372,5.0
890,46,Female,68262,81.85912704262702,5.0
891,50,Male,71378,73.70733887841584,5.0
892,41,Female,80566,96.77743319104013,5.0
893,44,Male,71907,70.22967955287089,5.0
894,39,Male,62055,41.97090121080903,4.6
895,28,Male,57050,100.0,5.0
896,38,Male,56656,77.76312740286522,5.0
897,45,Female,64245,73.5111256822389,5.0
898,38,Female,74589,89.71175833383678,4.8
899,48,Female,51644,80.4744728630524,5.0
900,36,Female,65679,87.83848317504777,5.0
901,36,Female,54892,54.894536695076084,5.0
902,48,Male,65085,83.87193024072985,5.0
903,42,Female,56471,43.6424229929773,1.7
904,35,Male,56536,97.89130287562014,5.0
905,50,Male,69564,100.0,5.0
906,33,Female,48852,53.68699714549567,5.0
907,32,Male,44973,92.81730981163098,5.0
908,18,Male,18946,100.0,5.0
909,34,Female,46761,74.01992759256933,5.0
910,53,Female,67877,86.97272731417246,5.0
911,19,Female,40512,34.79188254548638,2.6
912,30,Male,69630,100.0,5.0
913,44,Female,57840,81.49188477386352,5.0
914,18,Female,27762,84.45531246727936,5.0
915,34,Male,46855,100.0,5.0
916,51,Female,72533,100.0,5.0
917,60,Male,85886,84.00861682707995,4.7
918,42,Male,69283,100.0,5.0
919,30,Female,58277,59.76203494946041,3.4
920,30,Male,59692,95.33437675668131,5.0
921,41,Male,58211,82.68102294291455,5.0
922,42,Female,82531,67.36216790567366,5.0
923,58,Female,74452,28.703771302743156,2.4
924,49,Female,70093,87.73574098005327,5.0
925,40,Male,72958,100.0,5.0
926,36,Male,61664,100.0,5.0
927,70,Female,67591,95.28890875270064,5.0
928,46,Female,66056,61.565806258832595,5.0
929,33,Female,61619,100.0,5.0
930,37,Male,43565,100.0,5.0
931,31,Female,58506,76.37502149494588,5.0
932,18,Male,41901,89.47351527423437,5.0
933,43,Female,74839,56.07496585900916,5.0
934,57,Male,70080,97.61372581306664,5.0
935,23,Male,52958,58.264257080621285,4.3
936,40,Female,61596,87.61961344727538,5.0
937,32,Male,69660,72.06341623768574,5.0
938,45,Male,92860,55.34294360886978,4.2
939,38,Female,73383,47.17458438877184,1.9
940,26,Female,50805,82.69187744058014,5.0
941,30,Male,73210,63.368797708041896,4.3
942,31,Male,57034,88.48008906547608,5.0
943,53,Male,63920,100.0,5.0
944,52,Female,71607,85.15084652877778,5.0
945,36,Male,63616,100.0,5.0
946,52,Male,80259,50.34158493043692,3.8
947,38,Female,46747,55.38118400001305,4.9
948,36,Female,45064,61.459688235434434,4.0
949,40,Female,56586,81.52728922489392,5.0
950,42,Female,67345,100.0,5.0
951,34,Female,60625,49.75770572897119,3.3
952,40,Male,61413,92.3932623632485,5.0
953,47,Male,58655,65.43344327918933,5.0
954,41,Male,78369,71.10548897898073,4.4
955,40,Female,49279,57.30355177467325,3.7
956,44,Female,77023,99.4339164807908,5.0
957,46,Female,73388,79.79089734089756,4.6
958,39,Male,71803,100.0,5.0
959,35,Female,50555,83.47715388065122,5.0
960,41,Female,59573,40.8675204564625,4.5
961,24,Female,44550,100.0,5.0
962,37,Male,52236,41.23998735380639,3.9
963,18,Female,40252,53.601946341671756,4.2
964,23,Female,58790,73.09544639736727,4.3
965,21,Male,28031,72.82443916095328,5.0
966,50,Female,63427,100.0,5.0
967,40,Female,52342,73.95977226499272,5.0
968,27,Female,46055,100.0,5.0
969,44,Male,62644,72.90605042828093,5.0
970,49,Female,76723,78.0167773802127,5.0
971,45,Female,65337,93.51454623024412,5.0
972,38,Male,61028,97.972708341541,5.0
973,42,Male,65984,69.70147651168324,4.3
974,49,Female,71454,71.51560222430211,5.0
975,35,Male,62033,79.63903841468313,5.0
976,40,Female,58776,52.829352194063915,5.0
977,37,Male,73463,87.16826273463406,5.0
978,23,Female,68416,77.4055148984744,5.0
979,49,Female,76062,90.90455788155107,5.0
980,60,Female,82279,80.05392342119337,3.5
981,31,Male,57245,100.0,5.0
982,49,Male,57989,82.70066950417134,5.0
983,31,Female,52801,73.25588607559473,5.0
984,41,Female,53686,86.02254444331568,5.0
985,55,Female,80099,86.98334481754327,5.0
986,34,Female,46736,49.872651844219064,5.0
987,39,Male,55552,68.97262962364819,5.0
988,21,Male,22280,74.50246528229296,5.0
989,33,Female,41267,89.65645405755001,5.0
990,20,Male,43548,100.0,5.0
991,44,Male,55311,77.25900455669789,5.0
992,48,Male,78637,30.359087617441535,3.0
993,37,Female,47461,46.08858633616426,3.8
994,42,Female,66532,70.89476357085758,5.0
995,36,Male,48381,71.97061153283053,4.8
996,47,Male,70854,73.06470757672007,5.0
997,41,Female,45652,72.39463675129049,5.0
998,20,Female,35468,100.0,5.0
999,49,Female,60537,32.64801830306957,2.7
1000,36,Male,64832,91.2941526305963,5.0
1001,27,Male,51622,100.0,5.0
1002,35,Male,42674,100.0,5.0
1003,20,Female,37968,100.0,5.0
1004,27,Female,39276,100.0,5.0
1005,41,Female,70502,63.89530226785552,5.0
1006,42,Female,74715,60.70607486046086,4.2
1007,43,Female,48583,42.66466654610655,5.0
1008,40,Male,68267,72.7479433264061,5.0
1009,33,Male,44767,70.18768752090288,5.0
1010,39,Male,56470,100.0,5.0
1011,35,Female,55322,76.7488377969773,5.0
1012,23,Male,61166,64.83358525544884,4.5
1013,32,Female,41961,60.229290920777984,5.0
1014,48,Male,76347,100.0,5.0
1015,55,Male,63284,75.22247370016845,5.0
1016,46,Female,53594,61.36991073452113,5.0
1017,55,Male,75284,82.50923615544043,5.0
1018,40,Male,60217,100.0,5.0
1019,57,Male,48676,66.14018715400888,5.0
1020,60,Male,91595,79.16046418896393,5.0
1021,22,Male,20608,100.0,5.0
1022,42,Male,60540,44.19852216300187,3.1
1023,40,Male,73276,74.55935162660923,5.0
1024,35,Female,77091,100.0,5.0
1025,44,Male,60369,64.01393121794987,5.0
1026,40,Female,45670,88.29250798534567,5.0
1027,32,Male,64905,65.5851180175038,5.0
1028,39,Female,67651,74.97151192976146,5.0
1029,52,Female,67110,69.36372388785787,5.0
1030,41,Male,54842,89.49130307391664,5.0
1031,46,Female,58826,86.91420228399186,5.0
1032,37,Female,53554,88.8325889002204,5.0
1033,44,Male,67160,100.0,5.0
1034,27,Female,41339,100.0,5.0
1035,35,Male,50604,47.935527588924394,2.2
1036,38,Female,64412,72.13180653562902,5.0
1037,27,Female,32175,100.0,5.0
1038,31,Female,47240,70.64619938623916,5.0
1039,43,Female,46240,100.0,5.0
1040,41,Male,62084,77.18186370263479,5.0
1041,48,Male,48605,76.18054858906875,5.0
1042,33,Male,61900,97.67642718271625,5.0
1043,40,Male,46853,80.5385064998433,5.0
1044,33,Male,35274,93.39249279148572,5.0
1045,47,Female,63363,100.0,5.0
1046,51,Male,88111,85.27046867951537,5.0
1047,44,Female,71111,84.38619264299399,5.0
1048,50,Male,50776,100.0,5.0
1049,40,Male,46568,99.86214951750199,5.0
1050,48,Male,64043,61.32913673805304,3.0
